,song_name,class,tempo,total_beats,average_beats,chroma_stft_mean,chroma_stft_std,chroma_stft_var,chroma_cq_mean,chroma_cq_std,chroma_cq_var,chroma_cens_mean,chroma_cens_std,chroma_cens_var,melspectrogram_mean,melspectrogram_std,melspectrogram_var,mfcc_mean,mfcc_std,mfcc_var,mfcc_delta_mean,mfcc_delta_std,mfcc_delta_var,rms_mean,rms_std,rms_var,cent_mean,cent_std,cent_var,spec_bw_mean,spec_bw_std,spec_bw_var,contrast_mean,contrast_std,contrast_var,rolloff_mean,rolloff_std,rolloff_var,poly_mean,poly_std,poly_var,tonnetz_mean,tonnetz_std,tonnetz_var,zcr_mean,zcr_std,zcr_var,harm_mean,harm_std,harm_var,perc_mean,perc_std,perc_var,frame_mean,frame_std,frame_var
0,2U.mp3,happy,0.571759259,0.652573413,0.3190395,0.274587502,0.487642294,0.456309419,0.248679625,0.457972617,0.416648377,0.452333661,0.692582961,0.591149293,0.418174193,0.32128955,0.104298544,0.732447814,0.096660066,0.050578492,0.706066806,0.343332868,0.26548916,0.71425303,0.381695084,0.173154724,0.616465828,0.613802037,0.502439683,1,0.477229379,0.361214774,0.630235439,0.247433549,0.216883753,0.871533525,0.613775606,0.525344129,0.715443168,0.636883225,0.434392808,0.210875452,0.532241246,0.381364444,0.423077325,0.477170829,0.325238934,0.695645468,0.602879889,0.374819876,0.414739352,0.469630138,0.247359138,0.056486726,0.093821896,0.024118881
1,Adele - Hello.mp3,relax,0.794444444,0.76900331,1,1,0,0,1,0,0,1,0,0,0,0,0,0,1,1,0.592612903,0.010830915,0.00713177,0,0,0,0.135756943,0.256152525,0.166640242,0.391192339,0.280873981,0.186946898,0,0.616829697,0.578053787,0.181078058,0.157297028,0.107848588,0,0,0,0.343061017,0.039173213,0.016363159,0.21567224,0.291644877,0.165833288,0.662240163,0,0,0.33736963,0,0,1,1,1
2,Alan Walker - Darkside (feat. AuRa and Tomine Harket).mp3,sad,0.126388889,0.139302324,0.306505854,0.162970654,0.535894429,0.504704016,0.142575076,0.744711363,0.71306221,0.260770868,0.837804174,0.773065383,0.297714195,0.200676394,0.041059249,0.666854159,0.178595251,0.101174752,0.874122882,0.023859103,0.015817724,0.593733853,0.423590474,0.207841752,0.42793255,0.546998347,0.430589523,0.606955503,0.502200292,0.385946823,0.757582804,0.377760898,0.339197155,0.470839702,0.468882578,0.375983331,0.662137005,0.665823895,0.471004083,0.804687626,0.795034907,0.696280128,0.402810867,0.390385817,0.245453795,0.692908859,0.533584768,0.296516968,0.395921857,0.384338955,0.173182669,0.182599314,0.313670675,0.137172481
3,Alan Walker - Diamond Heart (feat. Sophia Somajo).mp3,sad,0.149425287,0.145004552,0.401787281,0.120628737,0.499834577,0.468482493,0.159101511,0.63398366,0.595353776,0.319771974,0.795820531,0.718408296,0.155600905,0.149992282,0.023124194,0.38049424,0.212259966,0.124017057,0.807871459,0,0,0.396106591,0.351188094,0.149848363,0.480962402,0.296190226,0.198257889,0.760754859,0.181855065,0.112667194,0.713110541,0.310352449,0.275237887,0.577283388,0.167797687,0.115705518,0.435102077,0.452860737,0.235910114,0.739784915,0.755661229,0.643766006,0.334400906,0.242126582,0.130374814,0.695267961,0.378261982,0.154236933,0.399305074,0.25471235,0.08530903,0.167764806,0.097771631,0.025450846
4,"Alan Walker - Different World feat. Sofia Carson, K-391 & CORSAK (Lyric Video).mp3",happy,0.460416667,0.528811071,0.308528437,0.357316814,0.449425165,0.418393634,0.283932782,0.829578594,0.806042993,0.369703481,0.758472999,0.67119833,0.396663848,0.289291577,0.084699945,0.90720212,0.133917831,0.072707258,0.887443057,0.188177026,0.135430853,0.685938608,0.473880508,0.253575623,0.590129035,0.739653001,0.649187978,0.83050528,0.669629273,0.566754163,0.670145461,0.430328171,0.390109344,0.792971878,0.682566048,0.601739207,0.736067796,0.73178333,0.559926567,0.580405163,0.752417635,0.639523679,0.445186346,0.493700344,0.341475225,0.689323615,0.563800253,0.329535426,0.422608,0.586889876,0.370533167,0.173274766,0.286408968,0.118849186
5,Alone_(Alan_Walker)(www.englishsong.in).mp3,happy,0.200617284,0.217644444,0.299016761,0.28152797,0.570636476,0.539910252,0.366710798,0.737455791,0.705224024,0.501642484,0.650544501,0.542238808,0.499789507,0.391960289,0.15480402,0.875076869,0.080048516,0.041184543,0.956744794,0.086847051,0.05946525,0.760783019,0.604377196,0.393096294,0.653891352,0.418122357,0.30382527,0.951035046,0.413680637,0.300889818,0.554735356,0.13422099,0.115156185,0.834067344,0.492743023,0.399502207,0.904353037,0.912989273,0.843432916,0.460867215,0.638990163,0.499190789,0.470945664,0.255924043,0.139954588,0.677652904,0.659327741,0.445366789,0.388853101,0.549737244,0.328850738,0.079451316,0.190795347,0.064216848
6,Ariana Grande - 7 rings.mp3,relax,0,0,0.324548947,0.260478363,0.825290846,0.807208734,0.168399718,0.821076849,0.796620261,0.31752955,0.797457512,0.720507961,0.300071124,0.439746289,0.194587447,0.578160833,0.265942186,0.162916295,0.628243781,0.592574812,0.509215479,0.518753886,0.563871477,0.346568565,0.395029192,0.791379009,0.713818146,0.693755133,0.826005,0.759171568,0.658242459,0.522043395,0.481107909,0.526086023,0.760131285,0.692113926,0.41917661,0.406317116,0.195105404,0.153375983,0.751110935,0.637818237,0.257783002,0.454422033,0.303437847,0.6903243,0.54647261,0.31038762,0.400665781,0.327760553,0.13114012,0.473933649,0.308167786,0.133375682
7,Ariana Grande - imagine (lyric video).mp3,happy,0.412698413,0.419283128,0.234697513,0.236892323,0.71853353,0.693170368,0.142811939,0.927047714,0.915788951,0.250856194,0.84464485,0.782130144,0.527222096,0.40193406,0.162732228,0.739872642,0.142009957,0.077707155,0.952390111,0.740944889,0.674671168,0.781624421,0.597615818,0.385128083,0.643991182,0.694862389,0.595254291,0.825072135,0.441043673,0.326404301,0.865259082,0.694095928,0.659261424,0.717843339,0.441978789,0.349974158,0.742314693,0.735936779,0.565780973,0.414290772,0.981169746,0.969972986,0.565902125,0.647079204,0.508003922,0.693140825,0.680571616,0.473488936,0.423471621,0.657642352,0.456724847,0.044156745,0.067936963,0.016022878
8,"Ariana Grande - thank u, next (Lyrics).mp3",happy,0.293402778,0.327941623,0.324603936,0.260078097,0.746001344,0.722238585,0.259750153,0.676312587,0.639869479,0.504682154,0.647880242,0.539195763,0.461682848,0.350211507,0.123766351,0.661378821,0.211163115,0.123253949,0.83786321,0.510053587,0.423770134,0.725168563,0.49341477,0.272545385,0.345555214,0.393497601,0.281379764,0.736714949,0.554280846,0.439395274,0.796410752,0.747611758,0.716655381,0.476507742,0.565751008,0.474103279,0.685292782,0.689997866,0.502709508,0.094696002,0.58078778,0.433236349,0.159860676,0.139613603,0.066459864,0.695311691,0.611418069,0.385101007,0.352862013,0.609280484,0.396843417,0.135591261,0.224865535,0.081965039
9,Attention_(Charlie_Puth)_(www.englishsong.in).mp3,happy,0.229166667,0.259394915,0.291178871,0.160623583,0.684512568,0.657429744,0.246007025,0.83991465,0.817531028,0.484759687,0.665184844,0.559081309,0.25545623,0.300136134,0.091113908,0.366182917,0.281348454,0.174641746,0.68299203,0.67453865,0.598738556,0.462980655,0.55771682,0.339752693,0.562669754,0.674712372,0.571605807,0.923701787,0.3114623,0.211736499,0.753719553,0.375599139,0.337122869,0.729501001,0.578693572,0.487743239,0.404130213,0.476447217,0.258036664,0.034885701,0.717009667,0.594042651,0.362048067,0.580342768,0.432024533,0.694685558,0.410671796,0.180130603,0.402663333,0.542837968,0.321381538,0.03687435,0.076203887,0.018489107
10,"Bad Bunny, Drake - MIA (Lyrics Letra).mp3",happy,0.460416667,0.471259501,0.267449062,0.685048127,0.60380242,0.573801664,0.150219975,0.585514601,0.545113614,0.330782281,0.78773378,0.708073331,0.760993409,0.717772653,0.516193058,0.982216199,0.166372833,0.093177525,0.861978251,0.798202878,0.742587871,0.924751152,0.680720521,0.488672054,0.295104394,0.472190788,0.35510759,0.691062979,0.501736171,0.385481853,0.876377889,0.936336147,0.926556356,0.532980793,0.502647347,0.4093895,0.738487536,0.768683709,0.612996746,0.169816147,0.529339397,0.378354299,0,0.195190157,0.099522211,0.701577964,0.870510503,0.763135062,0.260146439,0.654429691,0.452617501,0.083265904,0.180687804,0.059317609
11,Baitikochi Chuste.mp3,angry,0.889880952,1,0.321927783,0.234417116,0.622066729,0.592583294,0.2844874,0.567689064,0.52683361,0.583947281,0.575112572,0.45869752,0.340233954,0.240835033,0.058899958,0.524041253,0.28863731,0.180276472,0.728137107,0.699124639,0.626496549,0.581988356,0.550085787,0.331394742,0.237468999,0.378035302,0.267577043,0.521782643,0.261802556,0.171931314,0.791972929,0.530826283,0.489966978,0.316904915,0.21529133,0.152269277,0.574052728,0.610333214,0.402095807,0.301783629,0.441102897,0.291698359,0.184287705,0.25714067,0.140810434,0.602628704,0.532389785,0.295246891,0.336503002,0.432026062,0.213055216,0.068662582,0.134277324,0.038972417
12,Bebe Rexha - I Got You [Official Music Video].mp3,sad,1,0.967332162,0.970582369,0.32046813,0.705864509,0.679827391,0.479893501,0.637409967,0.598934856,0.662650383,0.495681824,0.376587789,0.094095883,0.087385026,0.008028031,0.593623432,0.341712162,0.222997296,0.760355084,0.070455355,0.047842875,0.312786263,0.239921685,0.078783409,0.542611132,0.92413054,0.891192298,0.720640261,1,1,0.571766472,0.588616526,0.548889673,0.72185877,1,1,0.309109136,0.283043661,0.105361228,0.576838915,0.44983274,0.299851195,0.488805294,0.614954426,0.470752745,0.273285323,0.273942424,0.084478373,0.232542873,0.221215587,0.06747768,0.419681732,0.474590701,0.27015781
13,Chris Brown - Undecided.mp3,happy,0.460416667,0.468733019,0.279731723,0.204228629,0.570057296,0.539320537,0,0.661972844,0.624722131,0.149291523,0.911451222,0.87300104,0.443638678,0.42912546,0.185352481,0.505838556,0.172051044,0.096873223,0.845897288,0.623620968,0.542579189,0.671333157,0.627073311,0.420434122,0.592398047,0.650355754,0.54352963,0.905329933,0.474518901,0.358565114,0.920366534,0.180936593,0.156623019,0.765767768,0.60321758,0.513931458,0.553822248,0.59154476,0.379986282,0.393027176,0.994713514,0.991526697,0.334031696,0.456806193,0.305693116,0.66632625,0.672810251,0.463114953,0.422700073,0.519303092,0.296541553,0.042654028,0.08672569,0.021790099
14,"David Guetta, Anne-Marie - Don't Leave Me Alone (Lyrics).mp3",happy,0.460416667,0.450363094,0.512504028,0.160570921,0.685837946,0.658816778,0.278652528,0.665999385,0.628968354,0.589733654,0.56953421,0.452734745,0.356498881,0.284843379,0.082136768,0.613719048,0.217736171,0.127845905,0.813104132,0.37287776,0.2921391,0.641730762,0.457565708,0.238249132,0.405031721,0.550540281,0.434293757,0.636268849,0.542501289,0.427085567,0.873121407,0.595774549,0.556264235,0.480102261,0.439028974,0.347155283,0.631987355,0.645357378,0.444961142,0.71966849,0.576666407,0.428721709,0.370827238,0.44588117,0.295415543,0.690167041,0.533164591,0.296070055,0.404883919,0.535982983,0.314044362,0.043578777,0.08075192,0.019893681
15,"David Guetta, Bebe Rexha & J Balvin - Say My Name (Official Video).mp3",happy,0.460416667,0.379078187,0.171699722,0.287414346,0.665860412,0.637958275,0.402061124,0.630548614,0.591767492,0.495170512,0.656188142,0.54870716,0.615357348,0.635211594,0.40463241,0.794885765,0.095559542,0.049947139,0.458519171,0.917882315,0.891857539,0.822887324,0.664639063,0.467683079,0.593906286,0.480339246,0.363074331,0.933831935,0.466786479,0.351043743,0.656092822,0.295941199,0.261757485,0.799233418,0.506358092,0.413112711,0.812655145,0.797642057,0.656314564,0.35635533,0.357194329,0.218046552,0.36659178,0.355760291,0.216181247,0.695510162,0.607946703,0.380904279,0.380185159,1,1,0.05402073,0.050824741,0.011273932
16,"Dimitri Vegas, MOGUAI & Like Mike - Body Talk (Mammoth) ft. Julian Perretta .mp3",happy,0.460416667,0.208088977,0,0.388769363,0.665226223,0.637297687,0.543230386,0.517507692,0.475940292,0.81425413,0.315110557,0.212293345,0.121741064,0.074161322,0.005837306,0.291091838,0.130483458,0.07060616,0.705931146,0.90564255,0.876137457,0.37234342,0.318190387,0.12649085,1,0.499622617,0.382176176,0.855040064,0.283267088,0.188854959,0.476917599,0.83942689,0.817313232,1,0.272525601,0.198568041,0.499175047,0.531822958,0.313813394,0.449759402,0.330554513,0.196447858,1,0.657026542,0.519793502,0.694940532,0.267749284,0.080988975,0.402447322,0.460389142,0.238695251,0.086618117,0.176781755,0.05746918
17,"DJ Snake - Taki Taki ft. Selena Gomez, Ozuna, Cardi B.mp3",happy,0.200617284,0.22134948,0.593810735,0.337280594,1,1,0.479976221,0.760600758,0.730288269,0.528082115,0.627071455,0.515661229,0.384859679,0.499389417,0.250618265,0.544886204,0.354686956,0.233893193,0.567673534,0.720482849,0.650949093,0.600919228,0.681192516,0.489295036,0.306170693,0.747604846,0.658960055,0.366327609,0.720517595,0.626875012,0.671262377,0.774028621,0.745333019,0.335299661,0.629219611,0.542188093,0.521191394,0.664044961,0.468711343,0.221920759,0.457288865,0.306887638,0.284604667,0.435413112,0.285704237,0.705868359,0.487738759,0.249739734,0.445608551,0.763713593,0.602679746,0.432281432,0.21812095,0.078300483
18,Drake - In My Feelings.mp3,sad,0.369318182,0.420355825,0.365796237,0.220830952,0.712329166,0.686630847,0.203234793,0.884973533,0.868027342,0.367307447,0.760305517,0.673483759,0.024071943,0.014905124,0.000294315,0.132686594,0.65520075,0.535975112,0.617808826,0.445716077,0.360415145,0.139126307,0.093335134,0.018559033,0.00576764,0.396734373,0.284297565,0,0.379815287,0.270276527,0.866218023,0.742027684,0.710622735,0,0.180749598,0.125509867,0.126492011,0.112244034,0.024996087,0.130657557,0.785195172,0.682980396,0.221330547,0.376462746,0.233507641,0.66154324,0.130898494,0.022530357,0.390974826,0.084350702,0.015427436,0.063769121,0.176247576,0.057218339
19,Drake_-_Gods_Plan_NaijaExclusive.net.mp3,happy,0.637254902,0.732969181,0.649465355,0.562127482,0.628924415,0.599656869,0.404471531,0.604087909,0.564273273,0.56439232,0.593683308,0.478761646,0.331375832,0.489789704,0.24112195,0.455636912,0.207052976,0.120405792,0.834261321,0.838080156,0.791225832,0.508190866,0.704644023,0.520742004,0.621732986,0.644326111,0.536665258,0.763913262,0.540221257,0.424717827,0.715468898,0.425577592,0.38547107,0.721452757,0.540399509,0.447747897,0.420487003,0.475503177,0.257132342,0.596875265,0.303825219,0.175641128,0.419850226,0.448017837,0.297414149,0.689306549,0.563967377,0.329722883,0.332804775,0.471236696,0.24888094,0.219781913,0.410547673,0.212145661
20,Eminem - Not Afraid.mp3,happy,0.329710145,0.36357349,0.303137601,0.469711383,0.442745657,0.411804636,0.626809185,0.544252718,0.502960534,0.707506003,0.446560163,0.328817788,0.054242866,0.04601071,0.00233268,0.52060157,0.121990399,0.065463667,0.741985967,0.541652627,0.455933309,0.247066314,0.172669955,0.046438832,0.788918206,0.646212175,0.538808753,0.824040859,0.248710959,0.161819659,0.350157008,0.492206454,0.451201214,0.787256656,0.393391982,0.304371242,0.329769806,0.3040583,0.1187785,0.600145596,0.341473329,0.205196451,0.870236851,0.628152695,0.485905037,0.694706177,0.124260034,0.02060197,0.398819603,0.336613048,0.137341252,0.098370131,0.173819514,0.056084062
21,Eminem - Venom.mp3,relax,0.513157895,0.592347158,0.444650499,0.903792224,0.213088119,0.19205947,0.809065729,0.067021531,0.05661202,0.903980451,0.182260392,0.111255262,0.099094227,0.122689438,0.015581628,0.617426338,0.411931321,0.284086926,0.752960025,0.184412017,0.132481449,0.24526465,0.415937693,0.201274139,0.412218176,0.59170326,0.478207412,0.623262791,0.229978863,0.147628619,0.27082394,0.698747988,0.66421331,0.460612397,0.327758682,0.24556528,0.271100302,0.366748997,0.163399467,0.29491915,0.116552902,0.054151312,0.413716475,0.650493898,0.51203743,0.875504227,0.252059647,0.072476021,0.456296638,0.29978838,0.112464962,0.262397411,0.61179642,0.417081039
22,End Game.mp3,happy,0.7109375,0.819370638,0.323915534,0.654947495,0.572631519,0.541940992,0.115508813,0.737272293,0.705026232,0.26520251,0.834727149,0.769002473,0.530772337,0.467227604,0.219524846,0.754258611,0.084906979,0.043901926,0.720063416,0.418277331,0.334264901,0.751555193,0.654386738,0.454540549,0.613397823,0.318315478,0.216376262,0.847409862,0.131327027,0.078277106,0.473682328,0.671701406,0.635522939,0.739085142,0.097360211,0.064576846,0.751092546,0.768076044,0.61210349,0.580786677,0.86963238,0.800925937,0.299850226,0.297917352,0.170537923,0.693347425,0.672763219,0.463052431,0.331114739,0.662083825,0.462433527,0.077948599,0.176980419,0.057562588
23,Fire on Fire.mp3,sad,0.329710145,0.358160608,0.253264339,0.096010145,0.516797025,0.485480267,0.093328391,0.633473494,0.594821125,0.286774961,0.819574496,0.749126482,0.095221076,0.075726639,0.006078467,0.326105523,0.345698633,0.226326133,0.83160002,0.320838123,0.245602759,0.2887178,0.299841799,0.114335247,0.35873423,0.621727049,0.511241583,0.561083379,0.40221342,0.290404349,0.744615953,0.046738846,0.039429227,0.429351882,0.440198947,0.348272545,0.287417046,0.322125363,0.130932068,0.210767657,0.810828313,0.717872391,0.350351794,0.556872819,0.406593345,0.694473911,0.287788104,0.092543733,0.403422393,0.185856593,0.050827649,0.031094671,0.044358853,0.009604521
24,Friction - Imagine Dragons (Audio).mp3,sad,0.513157895,0.44730732,0.188636656,0.395470688,0.482230366,0.450917736,0.289329142,0.530505143,0.489041737,0.520566328,0.633813464,0.523241194,0.110535281,0.09486633,0.009421572,0.377398837,0.412234627,0.284362092,0.765132133,0.349151061,0.270689593,0.286317892,0.382356716,0.173678387,0.138355888,0.174576218,0.106880351,0.192967032,0.356795557,0.250076299,0.636401145,0.508090898,0.467086433,0.126590373,0.090038223,0.059474405,0.33853539,0.447718325,0.231215357,0.866743689,0.400050735,0.254598091,0.265811564,0.131681643,0.062047943,0.695051566,0.267851099,0.081045754,0.408477174,0.27298768,0.095881879,0.053982199,0.08257881,0.02046743
25,Gaali Vaaluga.mp3,relax,0.329710145,0.332422953,0.274217668,0.163644747,0.508552974,0.477209878,0.227522482,0.646366425,0.60831437,0.465710268,0.68139254,0.577965115,0.280601363,0.169154625,0.029303912,0.552308529,0.17930419,0.101643453,0.880454404,0.214771492,0.156542958,0.529848221,0.489016979,0.268215848,0.297676615,0,0,0.683856658,0,0,1,0.569384618,0.529159239,0.454266426,0.011388946,0.007188779,0.56382372,0.600555297,0.39051239,0.61874029,0.671053961,0.537279218,0.227932776,0.035706587,0.014737825,0.69572879,0.473001602,0.235553689,0.418587333,0.380861635,0.170433915,0,0,0
26,Hope.mp3,happy,0.26,0.270072478,0.253281408,0.177165188,0.643036005,0.614249647,0.330340265,0.765616039,0.735742854,0.486946377,0.663303445,0.55690548,0.418885439,0.411144428,0.170229453,0.385074459,0.240643134,0.144205102,0.541432615,0.773193087,0.712643999,0.654914721,0.571524258,0.355136952,0.356225034,0.522900976,0.405700849,0.811720041,0.400510197,0.288857376,0.654505166,0.460293417,0.419536873,0.512492659,0.664941178,0.581829541,0.606602985,0.638586679,0.436507132,0.295079465,0.700877945,0.573825552,0.188639847,0.389585775,0.244760956,0.694994956,0.541422015,0.304914138,0.459750118,0.591860847,0.376297036,0.123145686,0.239426302,0.090130721
27,Imagine Dragons - Bad Liar (Lyric Video).mp3,sad,0.149425287,0.109076281,0.701088499,0.110120216,0.777516245,0.755822603,0.136951985,0.773950082,0.744825522,0.259554857,0.838646384,0.774179011,0.244670534,0.266949551,0.072223669,0.358637406,0.45754778,0.326561221,0.664821984,0.266104077,0.19867475,0.478836603,0.469433866,0.249351713,0.020256464,0.46945173,0.352443625,0.24637708,0.530250157,0.414419966,0.881106594,0.394983401,0.355777538,0.053114442,0.4195027,0.328659481,0.374639635,0.42921152,0.214702815,0.570768564,0.837548251,0.755091494,0.026846047,0.099076712,0.044717312,0.693185518,0.42456855,0.191846313,0.401234822,0.455797369,0.234446909,0.187569838,0.14998724,0.045463835
28,Imagine Dragons - Demons (Official).mp3,sad,0.149425287,0.176712609,0.309926254,0.267870064,0.610047841,0.580214317,0.319299138,0.903243028,0.888694102,0.377656545,0.752360254,0.663597946,0.026108467,0.023886584,0.000685144,0.145458802,0.461458128,0.330304421,0.884810521,0.136532458,0.095827735,0.136140748,0.141352289,0.034104405,0.312143503,0.170935699,0.104359179,0.449579826,0.100512633,0.058469987,0.693845507,0.282426938,0.24917805,0.29529683,0.061624376,0.040052555,0.163240112,0.184372382,0.052702593,0.531475316,0.758052156,0.646901287,0.413672936,0.17630172,0.087863505,0.704814408,0.138347297,0.024794094,0.391289279,0.078806622,0.014023556,0.396216237,0.324706755,0.14493663
29,Imagine Dragons - Machine (Lyrics).mp3,angry,0.7109375,0.810443264,0.310541699,0.761026673,0.267358866,0.242794207,0.229398867,0.562780992,0.521818931,0.371709469,0.75693557,0.669283391,0.741262306,0.546060181,0.299399788,0.956631502,0.089380826,0.046426188,0.812054453,0.580416527,0.49633098,0.947153822,0.586649191,0.372375829,0.307205304,0.343484885,0.237546716,0.495545035,0.126112618,0.074863271,0.361729079,0.799879233,0.773617616,0.353246179,0.103911182,0.069175895,1,0.946013104,0.901294951,0.355985332,0.348554449,0.210947371,0.228453501,0.424238952,0.275485148,0.691971921,0.861073693,0.747121834,0.390042364,0.590282062,0.374461624,0.059607752,0.059276042,0.013559308
30,Imagine Dragons - Whatever It Takes.mp3,angry,0.513157895,0.550857804,0.267048692,0.328752289,0.550300592,0.519265704,0.022739193,0.647174355,0.609162005,0.152801755,0.909236803,0.869920816,0.338475592,0.234325019,0.055789873,0.705965489,0.098088966,0.051400176,0.664842483,0.120360329,0.083804971,0.621705846,0.466017295,0.246130028,0.519646253,0.291863203,0.194768261,0.747549156,0.26852265,0.177183676,0.715998411,0.62155627,0.582965216,0.644585935,0.270042031,0.196508272,0.724635071,0.742416588,0.574974778,0.007059069,0.832178236,0.747541938,0.321382793,0.107013519,0.048816761,0.695666635,0.569482119,0.335938624,0.393414278,0.401035909,0.186681697,0.311062305,0.483490012,0.278751274
31,In The Name Of Love(mp3rule.com).mp3,happy,0.513157895,0.538846428,0.261375432,0.136639057,0.518236406,0.486925805,0.121425491,0.807621324,0.781756668,0.260207169,0.838194704,0.773581684,0.406832022,0.34106345,0.117428642,0.575452918,0.131638982,0.071311712,0.831639346,0.283191246,0.213102847,0.660421939,0.567131448,0.350205937,0.495038383,0.363786825,0.25505674,0.723738498,0.4585885,0.343130253,0.950724206,0.355082985,0.317513212,0.584139668,0.354257036,0.268920361,0.686877634,0.690792066,0.503768506,0.881072492,0.864867422,0.79403997,0.432436433,0.277417505,0.155339744,0.697885649,0.611551175,0.38526238,0.384472684,0.435942256,0.216509967,0.180903942,0.189945838,0.063798634
32,Justin Bieber - Love Yourself  (PURPOSE _ The Movement).mp3,sad,0.229166667,0.281215817,0.321791896,0.207520312,0.672266871,0.644636366,0.219188089,0.84153387,0.819333871,0.46271751,0.683909639,0.580920276,0.225034268,0.159118371,0.02597615,0.19877963,0.36755375,0.244873885,0.72593205,0.666923721,0.590225881,0.43482283,0.504682225,0.283793866,0.390428468,0.59987019,0.487109354,0.740123169,0.410960824,0.298391794,0.785012983,0.515064876,0.474086905,0.480365486,0.644390658,0.558907619,0.373495401,0.425688867,0.211627705,0.329259215,0.790149126,0.689661667,0.3608969,0.612867853,0.468376673,0.692683662,0.462855868,0.226027858,0.395037173,0.294810988,0.10928824,0.145224059,0.237254688,0.088890822
33,"KSI - Down Like That feat. Rick Ross, Lil Baby & S-X.mp3",angry,0.571759259,0.623060149,0.299603805,0.49890497,0.545341485,0.514247107,0.540502225,0.571595962,0.530831094,0.684067996,0.472612301,0.353866732,0.794859763,0.649402302,0.422842153,0.820100693,0.048396027,0.024091067,0,0.320912526,0.245667876,0.93483454,0.778169198,0.625635191,0.484714879,0.40789356,0.294432527,0.703633442,0.146583666,0.088410748,0.662700986,0.536302185,0.495503188,0.578859017,0.206309367,0.145225327,0.949694992,0.927609567,0.868813977,0.384647152,0.278516877,0.156738631,0.314735284,0.374163366,0.231557463,0.683143072,0.764457343,0.592935594,0.326992552,0.940591403,0.890726204,0.168959273,0.253873468,0.098576281
34,"Kygo, Ellie Goulding - First Time.mp3",sad,0.794444444,0.935638219,0.672249451,0.079321323,0.590781028,0.560462532,0.124033975,0.690974629,0.655427712,0.339939511,0.780945051,0.699445363,0.120228565,0.09683378,0.009806547,0.262249508,0.342957586,0.22403544,0.622566618,0.464466827,0.378584436,0.34846171,0.318865093,0.126949186,0.601081517,1,1,0.720633708,0.574524716,0.460851702,0.711300665,0,0,0.618192609,0.749149297,0.679045547,0.326361393,0.364080622,0.161359979,0.760124566,0.802386473,0.706293355,0.610383142,1,1,0.693257395,0.311126813,0.106965637,0.394206756,0.300877442,0.113165933,0.185758872,0.310595654,0.135044705
35,Look_What_You_Made_Me_Do_(Taylor_Swift)(www.englishsong.in).mp3,sad,0.460416667,0.476898214,0.278280539,0.410079396,0.720783683,0.695544775,0.416115529,0.982123716,0.979200748,0.480303471,0.669005446,0.563510198,0.178898993,0.182611084,0.034080298,0.58809718,0.299575728,0.18883774,0.803196525,0.763746042,0.701445616,0.406273271,0.40183341,0.189440945,0.435207394,0.491992111,0.374575729,0.621712361,0.392065858,0.281227552,0.588237801,0.594198698,0.55463927,0.480300921,0.355317224,0.269865687,0.367551959,0.375928627,0.170510857,0.622103309,0.635676484,0.49532553,0.394092651,0.382947525,0.23904228,0.701634174,0.363021302,0.142752252,0.379098352,0.437348867,0.217757547,0.3141448,0.532356111,0.328252214
36,Lover Also Fighter Also-Naasongs.Audio.mp3,happy,0.229166667,0.222549206,0.288744711,0.653970489,0.793962893,0.773447869,0.744528665,0.205645829,0.178451535,0.810248488,0.320489009,0.216738074,0.289851017,0.270941327,0.074379879,0.775654935,0.266648045,0.163448043,0.760034021,1,1,0.523591423,0.535003189,0.315178113,0.232717027,0.398640425,0.286020387,0.573880589,0.370430562,0.261981757,0.4982051,0.677978102,0.642159721,0.351942468,0.350006001,0.265138309,0.525203584,0.596948193,0.386281506,0.41864511,0,0,0.113112156,0.229759859,0.121985472,0.695438164,0.403700022,0.174391574,0.432517195,0.573153813,0.354835308,0.197241167,0.157751205,0.048821363
37,Marshmello ft. Bastille - Happier (Official Music Video).mp3,happy,0.229166667,0.264271449,0.302911772,0.328099651,0.469494778,0.438259417,0.250954325,0.775061153,0.746037985,0.322363192,0.793924728,0.715979846,0.472879574,0.365591961,0.134797211,0.539591971,0.092983924,0.048474512,0.87201134,0.302570248,0.229710197,0.745083134,0.56493633,0.347754641,0.520256766,0.49329796,0.375872553,0.712822901,0.454163389,0.33888468,0.822697112,0.595329788,0.55580553,0.596791877,0.38167746,0.293639668,0.87214486,0.872206479,0.77461172,0.402123927,0.825322473,0.737954406,0.440506792,0.377800476,0.234645176,0.696512334,0.629169048,0.406920049,0.40860939,0.64971884,0.446628063,0.228567025,0.365514411,0.175380292
38,Martin Garrix & David Guetta - So Far Away (feat. Jamie Scott & Romy Dya) (Official Video).mp3,sad,0.637254902,0.715163833,0.317414987,0.207048981,0.509086314,0.477744433,0.121031245,0.736433108,0.70412071,0.245272702,0.84847107,0.787219816,0.240476895,0.197234062,0.039679326,0.659107157,0.300189688,0.189322013,0.812814319,0.288701531,0.217798591,0.497805581,0.387334539,0.177643212,0.125790858,0.367042406,0.257900645,0.438172356,0.596804826,0.484906916,0.966301112,0.593809646,0.554238217,0.241648487,0.41296355,0.322529009,0.476332617,0.465312173,0.247469448,0.086166169,0.994087143,0.990524979,0.103749565,0.059501547,0.025421389,0.692703215,0.428219862,0.19498561,0.45613936,0.403830889,0.188989968,0.075790853,0.126355003,0.035852367
39,Martin Garrix & Justin Mylo - Burn Out (Official Video) feat. Dewain Whitmore.mp3,sad,0.460416667,0.527837176,0.306716131,0.220215967,0.612204321,0.582431098,0.351469253,0.654172827,0.616511389,0.496734835,0.65482763,0.547145059,0.061363928,0.03559843,0.001435953,0.550453577,0.162987031,0.090990067,0.232791906,0.063508131,0.04297302,0.262629334,0.129375617,0.029845586,0.629428229,0.340036387,0.234610932,0.851072989,0.137506014,0.082355179,0.662651259,0.438817314,0.398416242,0.776464409,0.263806013,0.19135666,0.302765896,0.251853301,0.086872745,0.669493199,0.490876983,0.339420656,0.499811912,0.271004255,0.150690201,0.682418565,0.231255279,0.06191111,0.277516998,0.14171254,0.033172741,0.188571649,0.322271509,0.143206204
40,MAX - Lights Down Low (Not Your Dope remix).mp3,happy,0.7109375,0.753738558,0.523536965,0.307013835,0.577448322,0.546848433,0.03458891,0.750994999,0.719864274,0.158157101,0.870040338,0.816172399,0.414987834,0.271463072,0.074664043,0.658164488,0.191252907,0.109622939,0.767251273,0.409674459,0.326173089,0.689789293,0.537471576,0.317804601,0.455447624,0.549090551,0.432776172,0.675355008,0.596549952,0.484629125,0.603649771,0.729982894,0.697645216,0.595536589,0.464389857,0.371602443,0.797673741,0.827225061,0.702083151,0.417660889,0.927253266,0.886373924,0.311445489,0.361314074,0.220778109,0.698190663,0.637839998,0.417796443,0.419051683,0.469033749,0.246795417,0.222671753,0.109706312,0.029630988
41,Mia - Bad Bunny feat Drake 320Kbps-(Dj-Music.in).mp3,happy,0.460416667,0.483397907,0.308130721,0.69245594,0.58626119,0.555842093,0.160774253,0.58533043,0.544924182,0.332613581,0.786380752,0.70635023,0.812503555,0.761810832,0.58124743,1,0.144792119,0.079442142,0.305162791,0.789188748,0.731745634,0.959944639,0.698371865,0.512236211,0.358790305,0.519549346,0.40228238,0.760194347,0.500647324,0.384391799,0.771454145,0.695412086,0.660661689,0.609399386,0.537945389,0.445222052,0.774206857,0.805348297,0.668089463,0.16272139,0.515328007,0.363963625,0.027547893,0.227513404,0.120481513,0.696424429,0.899007052,0.812520097,0.403859182,0.684208731,0.491395565,0.089662081,0.171411922,0.054968893
42,Mike Posner - Move On.mp3,sad,0.26,0.313460222,0.333245246,0.303297971,0.493561253,0.462214261,0.266111821,0.742544337,0.710719146,0.370726769,0.757689098,0.670221664,0.075722251,0.06243071,0.004185227,0.344074944,0.410773474,0.283037385,0.900702831,0.463639378,0.377777532,0.255373999,0.238490716,0.07801196,0,0.166889834,0.101571904,0.134482198,0.285663571,0.190771051,0.831418345,0.561114489,0.520712048,0.020685554,0,0,0.277468168,0.292651526,0.111399627,0.473579458,0.791452057,0.691423837,0.151933124,0.129298845,0.060737548,0.694821159,0.219650337,0.056376129,0.445610668,0.237034793,0.075649184,0.041112781,0.093617034,0.024050494
43,Nannaku Prematho Title Song - Dedicated To Sri Satyamurthy Garu - DSP And Sa.mp3,sad,0.10483871,0.115731233,0.343443958,0,0.475075716,0.443801537,0.051943619,0.7594423,0.729029434,0.1027428,0.940217059,0.913438464,0.173656042,0.148167987,0.022573972,0.449855655,0.278681099,0.172593732,0.818607694,0.171623121,0.122536068,0.407142505,0.366724384,0.161512072,0.195300029,0.180580395,0.111065631,0.482797663,0.489126465,0.372925726,0.853820936,0.180074545,0.155851341,0.307217719,0.208655733,0.147059616,0.400783983,0.393210008,0.184299001,0.831322894,0.947485186,0.917331092,0.155296064,0,0,0.693753677,0.410998005,0.180401381,0.400341086,0.228408361,0.071137782,0.182291065,0.169096693,0.053905469
44,"Nick Jonas, Robin Schulz - Right Now.mp3",happy,0.26,0.29814607,0.297830422,0.563643237,0.586413459,0.555997879,0.752724694,0.459109903,0.417770145,0.809963071,0.320870717,0.217054563,0.711539945,0.713942963,0.510718099,0.911920777,0.167971593,0.094214648,0.784574056,0.751337743,0.686830525,0.87555984,0.718788192,0.540178403,0.333155807,0.541559003,0.424923886,0.737630179,0.553619933,0.438701199,0.677115652,0.758075208,0.727986915,0.531747855,0.548873284,0.45650387,0.787158724,0.7817307,0.632331534,0.201826285,0.247638206,0.134727168,0.1057628,0.372398706,0.230065166,0.693292886,0.678134808,0.470219473,0.277826195,0.858043693,0.749348041,0.058182098,0.057421397,0.01304775
45,No Place - Backstreet Boy.mp3,sad,0.174107143,0.209359276,0.300851764,0.214069756,0.572979904,0.542295524,0.094983194,0.735100226,0.702683325,0.289180647,0.817866546,0.746899853,0.271523992,0.152259143,0.02381713,0.556223376,0.20537685,0.119249384,0.760493706,0.731893128,0.664141599,0.558651681,0.374871615,0.167799019,0.408062649,0.506020885,0.388591408,0.673184393,0.566282316,0.452069602,0.91915882,0.306069864,0.271224806,0.573280374,0.483977583,0.390812888,0.58891231,0.592271176,0.380829611,0.680321908,0.931739782,0.893196,0.316819923,0.364421857,0.223366811,0.695341714,0.477439538,0.239782135,0.406739495,0.449332112,0.228529002,0.064192964,0.12351326,0.034758281
46,"Post Malone, Swae Lee - Sunflower (Spider-Man  Into the Spider-Verse).mp3",happy,0.149425287,0.096641472,0.211149783,0.318053726,0.538985649,0.507824258,0.532780918,0.727370785,0.694358703,0.628011428,0.531620562,0.412993988,0.46146793,0.425710676,0.182430979,0.716109582,0.186445499,0.106394378,0.682926948,0.985692579,0.980823127,0.717759977,0.636650474,0.432243092,0.395696713,0.455376726,0.338865674,0.612932881,0.238329035,0.153914219,0.713556139,1,1,0.44982015,0.246715122,0.177386499,0.77852692,0.789640696,0.644198777,0.527771627,0.508979301,0.357521398,0.416529084,0.464427105,0.312948462,0.679407479,0.46610327,0.229055517,0.372460722,0.997334173,0.994961706,0.047277771,0.028840058,0.005877478
47,Rain Man feat. Oly - Bring Back The Summer (Not Your Dope Remix).mp3,happy,0.229166667,0.26110276,0.31712872,0.247547467,0.448117724,0.417103381,0.221422509,0.615002353,0.575585756,0.409103091,0.727725219,0.633328426,0.346286417,0.248479546,0.06265971,0.670500654,0,0,0.84183753,0.116723972,0.081126454,0.670244833,0.388122554,0.178274851,0.80171644,0.325625418,0.222463456,0.837941853,0.309994654,0.210527205,0.699637275,0.937911616,0.928357794,0.876795552,0.202701191,0.142412623,0.83317008,0.767332708,0.611011683,0.461371643,0.670037425,0.536052554,0.719230233,0.260278042,0.143025762,0.728116018,0.566200316,0.332232674,0.52703519,0.49993314,0.276839111,0.037413786,0.088018769,0.022208301
48,Rita Ora - Let You Love Me [Official Video].mp3,happy,0.460416667,0.51544471,0.317445095,0.269500895,0.575688061,0.545054549,0.265971547,0.744787988,0.713145018,0.499505513,0.652412317,0.54437621,0.343890585,0.288451316,0.084212753,0.706359705,0.097952116,0.051321389,0.759775125,0.558768099,0.473642187,0.630108943,0.473925914,0.253618936,0.647971053,0.71467519,0.618878977,0.837497093,0.447004284,0.332054602,0.747268521,0.393222627,0.354077946,0.743442021,0.518694935,0.425564852,0.626320829,0.615553891,0.408349048,0.445283685,0.710075176,0.585313341,0.466149425,0.53784499,0.386467936,0.693110256,0.543880257,0.307572132,0.389191315,0.558051663,0.33796493,0.017917004,0.040327701,0.008598421
49,River (feat. Ed Sheeran).mp3,happy,0.412698413,0.468867106,0.297410244,0.438591089,0.604000131,0.574004421,0.449020568,0.779878485,0.751300298,0.659273152,0.499258511,0.380155854,0.238932112,0.220109712,0.049291836,0.59823472,0.169350463,0.095111306,0.833496342,0.83733333,0.790304873,0.509346047,0.459954074,0.240463432,0.718589278,0.780845235,0.700452651,0.782845424,0.210804541,0.133440551,0.637209415,0.69593155,0.661214504,0.729407879,0.371712879,0.284591786,0.603776335,0.674858491,0.482733666,0.310080785,0.601653857,0.456409476,0.656346221,0.774020857,0.667499602,0.691868874,0.329232085,0.118868338,0.39581713,0.641142848,0.435826115,0.027010365,0.051891678,0.01155599
50,Sia - Move Your Body (Alan Walker Remix) [Audio].mp3,sad,0.460416667,0.518302881,0.431246116,0.325591117,0.448380408,0.417362635,0.430496161,0.539417911,0.498058159,0.546129877,0.610648536,0.497378373,0.19845515,0.223452504,0.05078371,0.691682317,0.115316097,0.061475875,0.76340578,0.032602099,0.021712405,0.46387922,0.390284178,0.180013219,0.621958154,0.244605284,0.157801256,0.830830402,0.176256174,0.108739532,0.547200037,0.32663827,0.290553796,0.680582026,0.107347432,0.071601085,0.565940722,0.518615414,0.300022564,0.2193836,0.392372796,0.247886014,0.609961686,0.384395768,0.240285325,0.694654533,0.416400023,0.184915222,0.404935876,0.350800238,0.147570985,0.19377336,0.135086596,0.039296926
51,Taylor Swift - Blank Space (1).mp3,happy,0.200617284,0.20347356,0.356806712,0.30760957,0.80198452,0.782068945,0.873710095,0.62551821,0.586522844,0.869929261,0.235774125,0.149932037,0.216190002,0.258823029,0.067932038,0.434075575,0.257217514,0.156387223,0.860798217,0.970168107,0.960175198,0.438524432,0.515843717,0.295157831,0.834585945,0.630661023,0.521234845,0.840050279,0.209827499,0.132726743,0.649441107,0.776064801,0.747552962,0.846210484,0.289273079,0.212577852,0.428285429,0.495813401,0.276932479,0.387831868,0.239621506,0.129201533,0.789228492,0.711316853,0.58626222,0.702594863,0.264512145,0.07919416,0.364911297,0.776655181,0.621861893,0.226910184,0.182215641,0.060047422
52,Taylor Swift - Wildest Dreams (R3hab Remix).mp3,angry,0.460416667,0.536439918,0.305919925,0.26791908,0.489243909,0.457906397,0.187755389,0.622058967,0.582920787,0.294253371,0.81425296,0.74219804,0.440629897,0.240985437,0.05897281,0.71726476,0.001765297,0.00083531,0.927783512,0.050767802,0.034128901,0.733857123,0.455691714,0.236518758,0.679642862,0.315351906,0.213922714,0.989238126,0.144298261,0.086878969,0.553500663,0.197579317,0.171568831,0.855531399,0.265295574,0.192584558,0.894754449,0.862016779,0.757871317,0.25456664,0.788875371,0.687940945,0.52028039,0.333885334,0.198440765,0.757074962,0.632931121,0.411621384,1,0.444366768,0.22403468,0.082803529,0.176127786,0.057162152
53,The Chainsmokers & Coldplay - Something Just Like This (Lyric).mp3,sad,0.26,0.289275154,0.298124025,0.350184014,0.482019502,0.450708126,0.023554261,0.679474738,0.643218697,0.109318449,0.936219862,0.907772257,0.256999464,0.193982315,0.03839746,0.742384654,0.202157882,0.117036923,0.876947081,0.240942369,0.177795582,0.512319595,0.428064717,0.211729527,0.42484169,0.601090422,0.488444786,0.766371885,0.235818139,0.152017321,0.793142303,0.588855249,0.549135346,0.618752584,0.348543017,0.263839844,0.478366881,0.460402712,0.242879313,0.564252803,1,1,0.204804946,0.451616299,0.300792665,0,0.521385707,0.283679127,0.205261277,0.248211741,0.081691962,0.170577583,0.224449397,0.081736779
54,The Chainsmokers - Beach House (Lyrics).mp3,happy,0.149425287,0.133219006,0.26463818,0.235147517,0.494782196,0.463433306,0.418314902,0.669395446,0.632554165,0.590068417,0.569210293,0.452389417,0.469817688,0.463141462,0.215721827,0.47253211,0.021710109,0.010501318,0.814663144,0.111611009,0.077375738,0.739027876,0.582463284,0.36756441,0.642637241,0.398625786,0.286007143,0.739513986,0.372100101,0.263451404,0.731251468,0.365591763,0.32754041,0.722295823,0.353107321,0.267896154,0.867980761,0.811535041,0.677617878,0.728717297,0.486320767,0.334927402,0.626523859,0.351371701,0.212575387,0.692783956,0.595359569,0.365879448,0.40382391,0.726150949,0.548696892,0.13166108,0.245341785,0.093547432
55,The Chainsmokers - This Feeling (Lyric Video) ft. Kelsea Ballerini.mp3,sad,0.26,0.295746618,0.292281555,0.264341444,0.505258064,0.473909277,0.342912448,0.660691718,0.62337197,0.450065644,0.694465073,0.593378455,0.109090089,0.1620142,0.026915755,0.592269362,0.205957151,0.11964943,0.799997315,0.334672961,0.257791978,0.325307448,0.277930025,0.100598638,0.585483796,0.572903206,0.457953553,0.845335726,0.542422388,0.427003551,0.918184283,0.589359656,0.549654501,0.739832603,0.517304203,0.424155444,0.343440949,0.323592615,0.131944173,0,0.555124636,0.40545942,0.488592825,0.366493352,0.225098846,0.692831878,0.278675972,0.087194673,0.408869086,0.277138037,0.098366039,0.061842562,0.102032892,0.026916552
56,The_Chainsmokers_-_This_Feeling_ft_Kelsea_Ballerini.mp3,happy,0.26,0.292860218,0.285606595,0.279884672,0.504838726,0.473489389,0.348734032,0.650602007,0.612759331,0.455718132,0.689766202,0.587819445,0.190301896,0.263735183,0.070510443,0.664725873,0.131933969,0.071492055,0.805120514,0.302688715,0.2298125,0.440271531,0.39013173,0.179890341,0.651111789,0.594477275,0.481224056,0.891169737,0.518952261,0.402863572,0.830664818,0.388525945,0.349549436,0.809320419,0.516030707,0.422866111,0.47570264,0.46409864,0.246330919,0.00229857,0.544955401,0.394673408,0.547568791,0.417884212,0.269741395,0.69150947,0.380586593,0.15602755,0.397452447,0.379121659,0.169066644,0.060648095,0.111521357,0.030287172
57,Veorra - Bridges.mp3,sad,0.174107143,0.200932964,0.302361227,0.357245325,0.425884456,0.395221401,0.331511707,0.578041923,0.537437574,0.567002614,0.59122902,0.476091149,0.235267492,0.128053531,0.016946387,0.572572063,0.096781465,0.050648246,0.863408007,0.193259864,0.139428088,0.521009997,0.332184515,0.136161637,0.413716232,0.160544933,0.097231749,0.672246888,0.147094556,0.088753832,0.691958642,0.598760591,0.559345578,0.513000485,0.088871916,0.058665338,0.63928593,0.609584885,0.401203383,0.167915827,0.618753288,0.475792923,0.311891327,0.068818857,0.029792601,0.69492323,0.440451267,0.205686875,0.405139355,0.412791571,0.196484311,0.067468115,0.141759786,0.042013737
58,Veorra - Run.mp3,sad,0.174107143,0.191935017,0.279065035,0.243675567,0.565859136,0.535051119,0.259943497,0.642972381,0.604756949,0.516067241,0.63782265,0.527769211,0.143569287,0.116043974,0.013970273,0.326797903,0.282601118,0.175606129,0.790986333,0.679529823,0.604340011,0.36713056,0.361069488,0.157217344,0.394115224,0.480175982,0.362914096,0.453403405,0.646718012,0.540472456,0.841577512,0.764798032,0.735286444,0.441550895,0.448974742,0.356685523,0.401701128,0.43534719,0.220110854,0.145502869,0.652618147,0.515227144,0.31779171,0.204677533,0.105542152,0.696751431,0.343300605,0.12854839,0.397706551,0.335125206,0.136289241,0.081493469,0.182124835,0.060003939
59,Veorra - Strangers.mp3,happy,0.7109375,0.788410645,0.30457534,0.471497063,0.441368859,0.410447856,0.403518763,0.524150594,0.482629264,0.648096504,0.510980973,0.391935501,0.317808518,0.32537794,0.10694947,0.556939121,0.230348716,0.136784734,0.907465511,0.537492011,0.451659027,0.556359354,0.625565226,0.418589361,0.544454493,0.448964018,0.332741148,0.549399826,0.492999224,0.376766295,0.634678477,0.6257691,0.587348987,0.572912851,0.360111307,0.274150844,0.696179946,0.788414042,0.642351269,0.588297575,0.450583967,0.300557085,0.503115639,0.346390804,0.208511284,0.69627169,0.550164925,0.314419829,0.412203924,0.481937353,0.259134475,0.064192964,0.120165398,0.033486325
60,Veorra - The City.mp3,sad,0.229166667,0.207249169,0.207176951,0.236697786,0.362711552,0.333723022,0.029229591,0.745508874,0.713924673,0,1,1,0.265175615,0.155032698,0.024678863,0.658922351,0.237321786,0.141798833,0.905705327,0.349622036,0.271111588,0.547667449,0.37968375,0.171567466,0.342534437,0.558078943,0.4422171,0.651227204,0.652303499,0.546834614,0.681957912,0.155400426,0.133867258,0.451985552,0.551280685,0.459001215,0.590652785,0.568983388,0.354253772,1,0.993936205,0.990283664,0.241518635,0.306819332,0.17729707,0.697201338,0.508098405,0.270018633,0.416845162,0.307097986,0.117210319,0.234616422,0.36377401,0.174026159
61,Westlife - Hello my love (Official Lyrics).mp3,sad,0.412698413,0.458542403,0.349196716,0.271330249,0.485146198,0.453821683,0.418306264,0.89987755,0.884878795,0.498942437,0.652903756,0.544939132,0.183267863,0.142522634,0.020913245,0.66590718,0.371934563,0.248652363,0.857051876,0.335760502,0.258755815,0.442724042,0.322190144,0.129219606,0.219973701,0.594935638,0.481723206,0.447847318,0.835542333,0.771642915,0.826668968,0.177401155,0.153459762,0.323880391,0.608841361,0.520000118,0.436896614,0.448748495,0.23215214,0.50165521,0.727615127,0.607505802,0.16532567,0.234498083,0.125177778,0.694130611,0.386869347,0.160918592,0.393003752,0.368504683,0.160840744,0.044503526,0.043535311,0.009396815
62,WHY THIS KOLAVERI DI - Official Movie Full Song Video from the movie 3 feat Dhanush exclusive.mp3,angry,0.571759259,0.612848362,0.483101265,0.413624384,0.624499047,0.595090921,0.385942721,0.571593945,0.530829043,0.554013431,0.603368665,0.489356243,0.763140655,0.514871572,0.266320149,0.94066075,0.10840613,0.057396775,0.713000889,0.8535819,0.81042967,0.896163826,0.803116547,0.663396458,0.377078695,0.360877676,0.252523887,0.832919842,0.147970285,0.089342488,0.473128976,0.456703223,0.415995569,0.570478015,0.246445318,0.177167708,0.933421151,1,1,0.310282136,0.441115599,0.291710154,0.197781261,0.384583562,0.240446699,1,0.651873017,0.435702139,0,0.988094901,0.977597549,0.071321235,0.146916336,0.044163101
63,Without Me.mp3,happy,0.513157895,0.529566193,0.833002274,0.205154669,0.804942604,0.785252371,0.453049733,1,1,0.51430851,0.639384494,0.529537319,0.392686841,0.477633966,0.229360226,0.430931188,0.341957065,0.223201286,0.869366333,0.688486167,0.614434402,0.582789473,0.711271796,0.529805605,0.320657991,0.788831438,0.710576172,0.528175274,0.986529248,0.980349424,0.745689692,0.085813003,0.072942574,0.437447308,0.784400697,0.721313262,0.48847238,0.596328321,0.385556733,0.100383185,0.664166992,0.528993141,0.261194706,0.463654152,0.312209363,0.694093116,0.47267989,0.235248631,0.41786104,0.868633396,0.766804879,0.183254344,0.32406382,0.144478832
64,Wiz Khalifa - See You Again ft. Charlie Puth [Official Video] Furious 7 Soun.mp3,sad,0.7109375,0.811784134,0.3826043,0.218013314,0.860694984,0.845658572,0.042521333,0.669558107,0.632725774,0.205484209,0.875206235,0.823172418,0.333193557,0.34414243,0.119543153,0.533489811,0.381719671,0.257165328,0.925712252,0.499538406,0.413220191,0.514830237,0.688681021,0.499230975,0.2264346,0.442621224,0.326721404,0.500888687,0.375465246,0.266421522,0.744277596,0.371213625,0.332919521,0.267786037,0.397169841,0.30785394,0.459760247,0.601003115,0.39103924,0.326068648,0.997387223,0.995807946,0.150012191,0.298812765,0.171213432,0.69900467,0.555527088,0.32032186,0.409928967,0.443074197,0.222871951,0.062381998,0.098923302,0.02584404
65,Wow.mp3,happy,0.229166667,0.257348323,0.666855495,0.452472534,0.899337431,0.887984183,0.316707928,0.579355313,0.538785526,0.600578723,0.55897342,0.441527397,1,1,1,0.653844083,0.259909451,0.158393162,0.579293254,0.80677959,0.752956179,1,1,1,0.146635756,0.542986694,0.426408283,0.402671601,0.664686442,0.561042897,0.799084961,0.437748408,0.397368982,0.211393692,0.521801381,0.428718227,0.790864762,0.843421879,0.727790876,0.124018775,0.460709574,0.310138354,0.069660397,0.291379899,0.165635598,0.702740497,1,1,0.30486536,0.796401835,0.651706627,0.068816707,0.140573708,0.041525522
66,XXXTENTACION & Lil Pump - Arms Around You (Lyrics) Ft. Maluma & Swae Lee.mp3,happy,0.571759259,0.661910105,0.319460542,0.377759915,0.442387706,0.411451943,0.173099524,0.753614721,0.72270387,0.248711565,0.846116721,0.78408639,0.399014217,0.317086048,0.10160765,0.753645152,0.160297741,0.089261219,1,0.194082595,0.140076827,0.686148245,0.414478251,0.200033372,0.417644641,0.658878082,0.553290028,0.645966372,0.820159029,0.751568993,0.872112812,0.630608149,0.592391574,0.612378056,0.693515334,0.614224612,0.69861526,0.654291621,0.456239447,0.690174037,0.777917255,0.673218808,0.30366597,0.300393143,0.172408067,0.69704827,0.565531487,0.331479916,0.398690353,0.574718575,0.356606557,0.159403537,0.182647716,0.060254508
67,Zara Larsson - Ain't My Fault (Official Video).mp3,happy,0.571759259,0.647188759,0.325336363,0.44238743,0.516665484,0.485348049,0.252326503,0.829120521,0.805534632,0.353617957,0.770695912,0.686502667,0.408944036,0.373824901,0.140895322,0.749761944,0.015126247,0.007264125,0.812801465,0.347402676,0.26912439,0.689479832,0.481437703,0.260834456,0.842604535,0.610844773,0.49917032,0.988126142,0.259292125,0.169979961,0.629317595,0.315838507,0.280387499,0.949848087,0.407334238,0.317277066,0.666604176,0.606724682,0.397801465,0.250202887,0.794631016,0.695731905,0.608214908,0.81911009,0.728875744,0.69606357,0.651264855,0.434918358,0.401073041,0.442178433,0.222067892,0.060802219,0.053083203,0.011873192
68,ZAYN - Rainberry (Lyric Video).mp3,happy,0.174107143,0.186599764,0.288442543,0.283985623,0.82477066,0.806646265,0.36060933,0.628457206,0.589585784,0.607961149,0.551704064,0.433874742,0.625876888,0.523617466,0.27540099,0.783104896,0.237086175,0.141628544,0.733805717,0.92439405,0.900262951,0.82255687,0.647662424,0.446021527,0.12111909,0.377681782,0.267264094,0.472420257,0.293807637,0.197322499,0.746371353,0.384474967,0.345649323,0.169699761,0.290153618,0.213320243,0.670987933,0.64775684,0.447976418,0.380789221,0.380453273,0.237607494,0.047755138,0.224336782,0.118365317,0.69320794,0.740972061,0.55814311,0.356788831,0.621441166,0.411507842,0.038030286,0.08470798,0.021143018
69,"Zedd, Grey - The Middle (Lyrics) ft. Maren Morris.mp3",happy,0.293402778,0.288971694,0.256212982,0.154292419,0.60950334,0.579655023,0.271861981,0.737597616,0.705377022,0.504075871,0.648412347,0.539802979,0.393806378,0.359811245,0.130596059,0.638749049,0.134394293,0.072999752,0.668212331,0.663450109,0.586356017,0.64055071,0.644862577,0.442497954,0.771437525,0.515165061,0.397826594,0.871912023,0.083085143,0.047658769,0.686785541,0.434312799,0.394005485,0.812723726,0.15623644,0.107059596,0.720410251,0.780653688,0.630724184,0.693688723,0.642602835,0.503419974,0.739209335,0.676729982,0.5435018,0.732195031,0.563370794,0.329053903,0.630113658,0.615580512,0.404407581,0.099680191,0.192042844,0.064833137
